name,brand,price,age_group,food_type,description,full_ingredient_list,image_url,shopping_url
Wysong Epigen,Wysong,,,Dry,,,https://catfooddb.com/img/products/wysong/150_epigen1.png,https://www.chewy.com/wysong-epigen-starch-free-chicken/dp/103306
Primal Freeze-Dried Nuggets Chicken & Salmon,Primal,,,Dry,,,https://catfooddb.com/img/products/primal/150_Freeze-Dried_Nuggets_Chicken_Salmon_dry.png,https://www.chewy.com//primal-chicken-salmon-formula/dp/43387
ZiwiPeak Air-Dried Venison Recipe,ZiwiPeak,,,Dry,,,https://catfooddb.com/img/products/ziwipeak/150_Air-Dried_Venison_Recipe_dry.png,https://www.chewy.com//ziwi-peak-air-dried-venison-cat-food/dp/34565
Dr Elsey's Cleanprotein Chicken Formula Grain-free,Dr,,,Dry,,,https://catfooddb.com/img/products/dr elsey's/150_Dr._Elsey's_Cleanprotein_Chicken_Formula_Grain-free_dry.png,https://www.chewy.com/dr-elseys-cleanprotein-chicken/dp/146269
"GO! Solutions Carnivore Grain-Free Chicken, Turkey + Duck Recipe",GO!,,,Dry,,,"https://catfooddb.com/img/products/go! solutions/150_Carnivore_Grain-Free_Chicken,_Turkey_+_Duck_Recipe_dry.png",https://www.chewy.com/go-solutions-carnivore-grain-free/dp/189530
Catit Gold Fern - Air Dried Chicken,Catit Gold Fern,,,Dry,,,https://catfooddb.com/img/products/catit/150_ad-chicken.png,https://catfooddb.com/product/catit/Gold+Fern+-+Air+Dried+Chicken
Grandma Lucy's Moxie Turkey,Grandma,,,Dry,,,https://catfooddb.com/img/products/grandmalucys/150_moxie-turkey.png,https://www.chewy.com/grandma-lucys-moxie-turkey-recipe/dp/260784
Only Natural Pet Powerfusion Poultry Dinner,Only,,,Dry,,,https://catfooddb.com/img/products/only natural pet/150_Powerfusion_Poultry_Dinner_dry.png,https://catfooddb.com/product/only natural pet/Powerfusion+Poultry+Dinner
Instinct Ultimate Protein Cage-Free Duck Recipe (Dry),Instinct,,,Dry,,,https://catfooddb.com/img/products/instinct/150_Ultimate_Protein_Cage-Free_Duck_Recipe_(Dry)_dry.png,https://www.chewy.com/instinct-by-natures-variety-ultimate/dp/113463
"Wellness Core Original Original: Deboned Turkey, Turkey Meal & Chicken Meal",Wellness Core Original Original,,,Dry,,,"https://catfooddb.com/img/products/wellness/150_Core_Original_Original:_Deboned_Turkey,_Turkey_Meal___Chicken_Meal_dry.png",https://www.chewy.com/wellness-core-grain-free-original/dp/146754
Addiction Wild Islands Island Birds,Addiction,,,Dry,,,https://catfooddb.com/img/products/addiction/150_island-birds.png,https://catfooddb.com/product/addiction/Wild+Islands+Island+Birds
Farmina Prime Boar & Apple (Dry),Farmina,,,Dry,,,https://catfooddb.com/img/products/farmina/150_Prime_Boar_&_Apple_dry.png,https://www.chewy.com/farmina-natural-delicious-wild-boar/dp/56919
"Tiki Cat Born Carnivore Chicken, Herring & Salmon",Tiki,,,Dry,,,"https://catfooddb.com/img/products/tiki cat/150_Born_Carnivore_Chicken,_Herring___Salmon_dry.png",https://www.chewy.com/tiki-cat-born-carnivore-chicken-fish/dp/172042
I And Love And You Nude Superfood - Poultry A Plenty For Digestive Health,I And Love And You Nude Superfood,,,Dry,,,https://catfooddb.com/img/products/i and love and you/150_Nude_Superfood_-_Poultry_A_Plenty_For_Digestive_Health_dry.png,https://www.chewy.com/i-love-you-nude-food-poultry-plenty/dp/117016
Farmina Pumpkin Feline Venison & Pumpkin,Farmina,,,Dry,,,https://catfooddb.com/img/products/farmina/150_Pumpkin_Feline_Venison_&_Pumpkin_wet.png,https://www.amazon.com/exec/obidos/ASIN/B07NC4KRK6/catfood00b-20
Feline Natural Chicken & Lamb Pouch,Feline,,,Dry,,,https://catfooddb.com/img/products/feline natural/150_Chicken___Lamb_Pouch_wet.png,https://www.chewy.com/feline-natural-chicken-lamb-feast/dp/303898
"Nutro Pate Natural Chicken, Liver & Shrimp",Nutro,,,Dry,,,"https://catfooddb.com/img/products/nutro/150_Pate_Natural_Chicken,_Liver___Shrimp_wet.png",https://www.chewy.com/nutro-perfect-portions-grain-free/dp/118300
Almo Nature HQS La Cucina Chicken Dinner With Apple In Jelly,Almo,,,Dry,,,https://catfooddb.com/img/products/almo nature/150_HQS_La_Cucina_Chicken_Dinner_With_Apple_In_Jelly_wet.png,https://www.chewy.com/almo-nature-hqs-la-cucina-chicken/dp/168405
Tiki Cat Puka Puka Luau Succulent Chicken,Tiki,,,Dry,,,https://catfooddb.com/img/products/tiki cat/150_Puka_Puka_Luau_Succulent_Chicken_wet.png,https://www.chewy.com/tiki-cat-puka-puka-luau-succulent/dp/34304
Fussie Cat Super Chicken & Beef In Pumpkin Soup,Fussie,,,Dry,,,https://catfooddb.com/img/products/fussie cat/150_Super_Chicken___Beef_In_Pumpkin_Soup_wet.png,https://www.chewy.com/fussie-cat-super-premium-chicken-beef/dp/133170
American Journey Landmark Chicken Recipe In Broth Grain-free,American,,,Dry,,,https://catfooddb.com/img/products/american journey/150_Landmark_Chicken_Recipe_In_Broth_Grain-free_wet.png,https://www.chewy.com/american-journey-landmark-chicken/dp/220128
Bff Tuna & Chicken Chill Out,Bff,,,Dry,,,https://catfooddb.com/img/products/bff/150_Tuna___Chicken_Chill_Out_wet.png,https://www.chewy.com/bff-play-pate-lovers-tuna-chicken/dp/218886
Cats In The Kitchen The Karate Kitty,Cats,,,Dry,,,https://catfooddb.com/img/products/cats in the kitchen/150_The_Karate_Kitty_wet.png,https://www.chewy.com/weruva-cats-in-kitchen-karate-kitty/dp/204946
Stella & Chewys Carnivore Cravings Chicken & Chicken Liver Recipe,Stella,,,Dry,,,https://catfooddb.com/img/products/stella & chewys/150_Carnivore_Cravings_Chicken___Chicken_Liver_Recipe_wet.png,https://catfooddb.com/product/stella & chewys/Carnivore+Cravings+Chicken+%26+Chicken+Liver+Recipe
"Farmina Ocean Feline Tuna, Cod & Shrimp",Farmina,,,Dry,,,"https://catfooddb.com/img/products/farmina/150_Ocean_Feline_Tuna,_Cod_&_Shrimp_wet.png",https://www.chewy.com/farmina-natural-delicious-ocean-small/dp/223683
Feline Natural Chicken & Lamb,Feline,,,Dry,,,https://catfooddb.com/img/products/feline natural/150_Chicken___Lamb_wet.png,https://www.chewy.com/feline-natural-chicken-lamb-feast/dp/132449
Feline Natural Freeze Dried Beef & Hoki,Feline,,,Dry,,,https://catfooddb.com/img/products/feline natural/150_Freeze_Dried_Beef___Hoki_dry.png,https://www.chewy.com/feline-natural-beef-hoki-feast-grain/dp/149766
ZiwiPeak Rabbit & Lamb Recipe,ZiwiPeak,,,Dry,,,https://catfooddb.com/img/products/ziwipeak/150_Rabbit___Lamb_Recipe_wet.png,https://www.chewy.com//ziwi-peak-rabbit-lamb-recipe-canned/dp/138370
Dr Elsey's Cleanprotein Grain-free Rabbit & Turkey Recipe,Dr,,,Dry,,,https://catfooddb.com/img/products/dr elsey's/150_Dr._Elsey's_Cleanprotein_Grain-free_Rabbit_&_Turkey_Recipe_Wet_wet.png,https://www.chewy.com/dr-elseys-cleanprotein-grain-free/dp/311399
Tiki Cat Koolina Luau Chicken & Egg,Tiki,,,Dry,,,https://catfooddb.com/img/products/tiki cat/150_Koolina_Luau_Chicken___Egg_wet.png,https://www.chewy.com/tiki-cat-koolina-luau-chicken-egg-in/dp/37715
Instinct Ultimate Protein Real Chicken Recipe,Instinct,,,Dry,,,https://catfooddb.com/img/products/instinct/150_Ultimate_Protein_Real_Chicken_Recipe_wet.png,https://www.chewy.com/instinct-by-natures-variety-ultimate/dp/121824
Instinct Raw Boost Real Chicken Recipe,Instinct,,,Dry,,,https://catfooddb.com/img/products/instinct/150_Raw_Boost_Real_Chicken_Recipe_dry.png,https://www.chewy.com/instinct-by-natures-variety-raw-boost/dp/146308
Stella & Chewys Stella’s Selects Cage-Free Chicken,Stella,,,Dry,,,https://catfooddb.com/img/products/stella & chewys/150_Stella___s_Selects_Cage-Free_Chicken_wet.png,https://catfooddb.com/product/stella & chewys/Stella%E2%80%99s+Selects+Cage-Free+Chicken
Stella & Chewys Raw Blend Cage Free Recipe,Stella,,,Dry,,,https://catfooddb.com/img/products/stella & chewys/150_Raw_Blend_Cage_Free_Recipe_dry.png,https://catfooddb.com/product/stella & chewys/Raw+Blend+Cage+Free+Recipe
Essence Air & Gamefowl,Essence,,,Dry,,,https://catfooddb.com/img/products/essence/150_air-canned.png,https://www.chewy.com/essence-air-gamefowl-recipe-wet-cat/dp/290699
Essence Ranch & Meadow Dry,Essence,,,Dry,,,https://catfooddb.com/img/products/essence/150_ranch-dry.png,https://www.chewy.com/essence-ranch-meadow-recipe-grain/dp/290677
Hound & Gatos Poultry & Gamebird Recipe,Hound,,,Dry,,,https://catfooddb.com/img/products/hound & gatos/150_Poultry___Gamebird_Recipe_wet.png,https://www.chewy.com/hound-gatos-98-gamebird-poultry/dp/165335
Hound & Gatos Paleolithic Meat Recipe,Hound,,,Dry,,,https://catfooddb.com/img/products/hound & gatos/150_Paleolithic_Meat_Recipe_wet.png,https://www.chewy.com/hound-gatos-98-paleolithic-meat-grain/dp/165340
Life's Abundance Pork & Duck,Life's,,,Dry,,,https://catfooddb.com/img/products/lifes_abundance/150_pork-duck.png,https://catfooddb.com/product/life's abundance/Pork+%26+Duck
Life's Abundance All Life Stage Grain Free,Life's,,,Dry,,,https://catfooddb.com/img/products/lifes_abundance/150_all-life-stage-dry-gf.png,https://catfooddb.com/product/life's abundance/All+Life+Stage+Grain+Free
Nulo Freestyle Duck & Tuna Recipe,Nulo,,,Dry,,,https://catfooddb.com/img/products/nulo/150_Freestyle_Duck_Tuna_Recipe_wet.png,https://www.chewy.com//nulo-freestyle-duck-tuna-recipe/dp/122868
Nulo Freestyle High-Meat Kibble Turkey & Duck Recipe,Nulo,,,Dry,,,https://catfooddb.com/img/products/nulo/150_Freestyle_High-Meat_Kibble_Turkey_Duck_Recipe_dry.png,https://www.chewy.com//nulo-freestyle-grain-free-turkey/dp/127029
The Honest Kitchen Minced Chicken In Bone Broth Gravy,The,,,Dry,,,https://catfooddb.com/img/products/the honest kitchen/150_Minced_Chicken_In_Bone_Broth_Gravy_wet.png,https://www.chewy.com/honest-kitchen-grain-free-minced/dp/350622
The Honest Kitchen Grain Free Chicken Dehydrated,The,,,Dry,,,https://catfooddb.com/img/products/the honest kitchen/150_Grain_Free_Chicken_Dehydrated_dry.png,https://www.chewy.com/honest-kitchen-dehydrated-chicken/dp/350586
Fromm Beef & Venison Pâté,Fromm,,,Dry,,,https://catfooddb.com/img/products/fromm/150_Beef_Venison_P_t_wet.png,https://catfooddb.com/product/fromm/Beef+%26+Venison+P%C3%A2t%C3%A9
Fromm Game Bird Recipe,Fromm,,,Dry,,,https://catfooddb.com/img/products/fromm/150_Game_Bird_Recipe_dry.png,https://www.amazon.com/exec/obidos/ASIN/B09JDKM2ZF/catfood00b-20
"Farmina Ocean Feline Cod, Shrimp & Pumpkin",Farmina,,,Dry,,,"https://catfooddb.com/img/products/farmina/150_Ocean_Feline_Cod,_Shrimp_&_Pumpkin_wet.png",https://catfooddb.com/product/farmina/Ocean+Feline+Cod%2C+Shrimp+%26+Pumpkin
The Honest Kitchen Human Grade Whole Food Clusters Grain Free Chicken Dry Cat Food - Complete & Balanced Meal or Topper - 4 lb Bag,Unknown,29.99,,Dry,,,https://m.media-amazon.com/images/I/81CKhxfSzuL._AC_UL320_.jpg,https://www.amazon.com/Honest-Kitchen-Whole-Clusters-Chicken/dp/B09BK9MKVG/ref=sr_1_1?dib=eyJ2IjoiMSJ9.orRiI2xchWWrTySK1QNLOGfTHjlCpKc7XUm_taXoympuXjgFDvFc9SRp9x4wENvswKR_Z0P_EhkCPmMFCx6uW6Yg9_H3sZLBW92VQ_kB8PNzs7SqK5U5xqB_xAjiR3N_9RYycEk0cDjfhmmZr9b8kQ4ru47az2RYCfG2wz8WHXSOT69g93mlaWsxvQzsS7yjtaMonK_yvd55Mq_igUVvPDq2wT0P2z-Wy4yk9dHgTii12R5yqWcWI4zMt0DxhpJnuokcYoD5zDJL09mTQOYq99JMJpzpPM2YQYBITaTz-fo.U9aX92CtdEjDNf7BvB3xoGdVu3_gZWkgkNWM6mQ0gO8&dib_tag=se&keywords=cat+dry+food&qid=1766499480&s=pet-supplies&sr=1-1
Farmina Grain-Free Chicken and Pomegranate Adult Neutered Cats 3.3 pounds,Unknown,32.99,Adult,Dry,,,https://m.media-amazon.com/images/I/71pLxV9Ts2L._AC_UL320_.jpg,https://www.amazon.com/Farmina-Grain-Free-Chicken-Pomegranate-Neutered/dp/B01BSKDRN2/ref=sr_1_2?dib=eyJ2IjoiMSJ9.orRiI2xchWWrTySK1QNLOGfTHjlCpKc7XUm_taXoympuXjgFDvFc9SRp9x4wENvswKR_Z0P_EhkCPmMFCx6uW6Yg9_H3sZLBW92VQ_kB8PNzs7SqK5U5xqB_xAjiR3N_9RYycEk0cDjfhmmZr9b8kQ4ru47az2RYCfG2wz8WHXSOT69g93mlaWsxvQzsS7yjtaMonK_yvd55Mq_igUVvPDq2wT0P2z-Wy4yk9dHgTii12R5yqWcWI4zMt0DxhpJnuokcYoD5zDJL09mTQOYq99JMJpzpPM2YQYBITaTz-fo.U9aX92CtdEjDNf7BvB3xoGdVu3_gZWkgkNWM6mQ0gO8&dib_tag=se&keywords=cat+dry+food&qid=1766499480&s=pet-supplies&sr=1-2
"The Honest Kitchen Human Grade Whole Food Clusters Grain Free Turkey & Chicken Dry Cat Food, 4 lb Bag",The Honest Kitchen Human Grade Whole Food Clusters Grain Free Turkey & Chicken Dry Cat Food,29.99,,Dry,,,https://m.media-amazon.com/images/I/81PH6iqgC6L._AC_UL320_.jpg,https://www.amazon.com/Honest-Kitchen-Clusters-Turkey-Chicken/dp/B09BKBVVW3/ref=sr_1_3?dib=eyJ2IjoiMSJ9.orRiI2xchWWrTySK1QNLOGfTHjlCpKc7XUm_taXoympuXjgFDvFc9SRp9x4wENvswKR_Z0P_EhkCPmMFCx6uW6Yg9_H3sZLBW92VQ_kB8PNzs7SqK5U5xqB_xAjiR3N_9RYycEk0cDjfhmmZr9b8kQ4ru47az2RYCfG2wz8WHXSOT69g93mlaWsxvQzsS7yjtaMonK_yvd55Mq_igUVvPDq2wT0P2z-Wy4yk9dHgTii12R5yqWcWI4zMt0DxhpJnuokcYoD5zDJL09mTQOYq99JMJpzpPM2YQYBITaTz-fo.U9aX92CtdEjDNf7BvB3xoGdVu3_gZWkgkNWM6mQ0gO8&dib_tag=se&keywords=cat+dry+food&qid=1766499480&s=pet-supplies&sr=1-3
"Freeze-Dried Tuna Treats for Cats & Dogs – 100% Wild Caught, Single Ingredient, High-Protein, Healthy Snack – No Additives or Preservatives – 3.5oz - Inspected & Tested in USA",Freeze-Dried Tuna Treats for Cats & Dogs – 100% Wild Caught,26.95,,Dry,,,https://m.media-amazon.com/images/I/71fYlIl63cL._AC_UL320_.jpg,https://www.amazon.com/sspa/click?ie=UTF8&spc=MTo3MDk0NjQ2MDgzOTI3NjYwOjE3NjY0OTk0ODA6c3Bfc2VhcmNoX3RoZW1hdGljOjMwMDgwMTU0ODA1NTEwMjo6MDo6&url=%2FChef-Kitty-Freeze-Ingredient-Protein%2Fdp%2FB09T2FF8KG%2Fref%3Dsxin_18_pa_sp_search_thematic_sspa%3Fcontent-id%3Damzn1.sym.764c13de-c3d3-4628-8e27-8a853a674432%253Aamzn1.sym.764c13de-c3d3-4628-8e27-8a853a674432%26cv_ct_cx%3Dcat%2Bdry%2Bfood%26keywords%3Dcat%2Bdry%2Bfood%26pd_rd_i%3DB09T2FF8KG%26pd_rd_r%3Defc85ff4-00e8-4411-8b4f-0d41e7aea8e4%26pd_rd_w%3DaxuID%26pd_rd_wg%3D2DHD4%26pf_rd_p%3D764c13de-c3d3-4628-8e27-8a853a674432%26pf_rd_r%3DBSWWP5PC9X5FF84KWTFE%26qid%3D1766499480%26rdc%3D1%26s%3Dpet-supplies%26sbo%3DRZvfv%252F%252FHxDF%252BO5021pAnSA%253D%253D%26sr%3D1-1-38f1b294-ceac-4b0f-b4a4-629ab102646f-spons%26aref%3Df6rUcItf7J%26sp_csd%3Dd2lkZ2V0TmFtZT1zcF9zZWFyY2hfdGhlbWF0aWM%26psc%3D1&aref=f6rUcItf7J
"The New Zealand Natural Pet Food Co Meow Freeze Dried Cat Food - Lamb & Hoki Recipe, High Protein Treats, Meals & Toppers, Dry Cat Food,1.76 oz",The New Zealand Natural Pet Food Co Meow Freeze Dried Cat Food - Lamb & Hoki Recipe,7.69,,Dry,,,https://m.media-amazon.com/images/I/71olcO6U9hL._AC_UL320_.jpg,https://www.amazon.com/New-Zealand-Natural-Pet-Food/dp/B08DHTZQCR/ref=sr_1_4?dib=eyJ2IjoiMSJ9.orRiI2xchWWrTySK1QNLOGfTHjlCpKc7XUm_taXoympuXjgFDvFc9SRp9x4wENvswKR_Z0P_EhkCPmMFCx6uW6Yg9_H3sZLBW92VQ_kB8PNzs7SqK5U5xqB_xAjiR3N_9RYycEk0cDjfhmmZr9b8kQ4ru47az2RYCfG2wz8WHXSOT69g93mlaWsxvQzsS7yjtaMonK_yvd55Mq_igUVvPDq2wT0P2z-Wy4yk9dHgTii12R5yqWcWI4zMt0DxhpJnuokcYoD5zDJL09mTQOYq99JMJpzpPM2YQYBITaTz-fo.U9aX92CtdEjDNf7BvB3xoGdVu3_gZWkgkNWM6mQ0gO8&dib_tag=se&keywords=cat+dry+food&qid=1766499480&s=pet-supplies&sr=1-4
Fundamentals – In Extremis Apparel,Unknown,16.99,,Dry,,,https://m.media-amazon.com/images/I/81tqFJMuguL._AC_UL320_.jpg,https://www.amazon.com/Wysong-Fundamentals-Canine-Feline-Formula/dp/B00HW5OXEK/ref=sr_1_5?dib=eyJ2IjoiMSJ9.orRiI2xchWWrTySK1QNLOGfTHjlCpKc7XUm_taXoympuXjgFDvFc9SRp9x4wENvswKR_Z0P_EhkCPmMFCx6uW6Yg9_H3sZLBW92VQ_kB8PNzs7SqK5U5xqB_xAjiR3N_9RYycEk0cDjfhmmZr9b8kQ4ru47az2RYCfG2wz8WHXSOT69g93mlaWsxvQzsS7yjtaMonK_yvd55Mq_igUVvPDq2wT0P2z-Wy4yk9dHgTii12R5yqWcWI4zMt0DxhpJnuokcYoD5zDJL09mTQOYq99JMJpzpPM2YQYBITaTz-fo.U9aX92CtdEjDNf7BvB3xoGdVu3_gZWkgkNWM6mQ0gO8&dib_tag=se&keywords=cat+dry+food&qid=1766499480&s=pet-supplies&sr=1-5
CARU Daily Dish Chicken Broth Meal Topper for Dogs and Cats - 1.1 lbs,Unknown,4.99,,Dry,,,https://m.media-amazon.com/images/I/71jn9oV4W6L._AC_UL320_.jpg,https://www.amazon.com/CARU-Daily-Chicken-Broth-Topper/dp/B086STNMD3/ref=sr_1_6?dib=eyJ2IjoiMSJ9.orRiI2xchWWrTySK1QNLOGfTHjlCpKc7XUm_taXoympuXjgFDvFc9SRp9x4wENvswKR_Z0P_EhkCPmMFCx6uW6Yg9_H3sZLBW92VQ_kB8PNzs7SqK5U5xqB_xAjiR3N_9RYycEk0cDjfhmmZr9b8kQ4ru47az2RYCfG2wz8WHXSOT69g93mlaWsxvQzsS7yjtaMonK_yvd55Mq_igUVvPDq2wT0P2z-Wy4yk9dHgTii12R5yqWcWI4zMt0DxhpJnuokcYoD5zDJL09mTQOYq99JMJpzpPM2YQYBITaTz-fo.U9aX92CtdEjDNf7BvB3xoGdVu3_gZWkgkNWM6mQ0gO8&dib_tag=se&keywords=cat+dry+food&qid=1766499480&s=pet-supplies&sr=1-6
"Freeze Dried Raw Cat and Dog Treats, Healthy Limited Ingredient Chicken Cube Weight Control Traing Treats for Small Dogs Cats 5 Ounce",Freeze Dried Raw Cat and Dog Treats,15.09,,Dry,,,https://m.media-amazon.com/images/I/71kJHQ7xdaL._AC_UL320_.jpg,https://www.amazon.com/Dancing-Tail-Healthy-Limited-Ingredient/dp/B0B1N8XKT1/ref=sr_1_7?dib=eyJ2IjoiMSJ9.orRiI2xchWWrTySK1QNLOGfTHjlCpKc7XUm_taXoympuXjgFDvFc9SRp9x4wENvswKR_Z0P_EhkCPmMFCx6uW6Yg9_H3sZLBW92VQ_kB8PNzs7SqK5U5xqB_xAjiR3N_9RYycEk0cDjfhmmZr9b8kQ4ru47az2RYCfG2wz8WHXSOT69g93mlaWsxvQzsS7yjtaMonK_yvd55Mq_igUVvPDq2wT0P2z-Wy4yk9dHgTii12R5yqWcWI4zMt0DxhpJnuokcYoD5zDJL09mTQOYq99JMJpzpPM2YQYBITaTz-fo.U9aX92CtdEjDNf7BvB3xoGdVu3_gZWkgkNWM6mQ0gO8&dib_tag=se&keywords=cat+dry+food&qid=1766499480&s=pet-supplies&sr=1-7
"Just Try 8 OZ Raw Antarctic Krill Freeze Dried Cat & Dog Food Toppers Mixers Meal Toppers Low Calorie with Real Chicken Egg Yolk, High Protein Food Toppers Omega 3 for Picky Eaters Skin & Coat Support",Just Try 8 OZ Raw Antarctic Krill Freeze Dried Cat & Dog Food Toppers Mixers Meal Toppers Low Calorie with Real Chicken Egg Yolk,19.99,,Dry,,,https://m.media-amazon.com/images/I/81O+eOLq5OL._AC_UL320_.jpg,https://www.amazon.com/Just-Try-Antarctic-Toppers-Calorie/dp/B0F2H4B8S9/ref=sr_1_8?dib=eyJ2IjoiMSJ9.orRiI2xchWWrTySK1QNLOGfTHjlCpKc7XUm_taXoympuXjgFDvFc9SRp9x4wENvswKR_Z0P_EhkCPmMFCx6uW6Yg9_H3sZLBW92VQ_kB8PNzs7SqK5U5xqB_xAjiR3N_9RYycEk0cDjfhmmZr9b8kQ4ru47az2RYCfG2wz8WHXSOT69g93mlaWsxvQzsS7yjtaMonK_yvd55Mq_igUVvPDq2wT0P2z-Wy4yk9dHgTii12R5yqWcWI4zMt0DxhpJnuokcYoD5zDJL09mTQOYq99JMJpzpPM2YQYBITaTz-fo.U9aX92CtdEjDNf7BvB3xoGdVu3_gZWkgkNWM6mQ0gO8&dib_tag=se&keywords=cat+dry+food&qid=1766499480&s=pet-supplies&sr=1-8
"Nutri Bites Freeze Dried Chicken Dog & Cat Treats | Healthy Pet Training Treats or Food Topper | All Natural, 1 Single Animal Protein, High Protein | Premium Bulk Value Pack, 15 oz",Nutri Bites Freeze Dried Chicken Dog & Cat Treats | Healthy Pet Training Treats or Food Topper | All Natural,22.99,,Dry,,,https://m.media-amazon.com/images/I/71uVMWVABiL._AC_UL320_.jpg,https://www.amazon.com/Nutri-Bites-Freeze-Dried-Chicken/dp/B0BT6W4WJ7/ref=sr_1_9?dib=eyJ2IjoiMSJ9.orRiI2xchWWrTySK1QNLOGfTHjlCpKc7XUm_taXoympuXjgFDvFc9SRp9x4wENvswKR_Z0P_EhkCPmMFCx6uW6Yg9_H3sZLBW92VQ_kB8PNzs7SqK5U5xqB_xAjiR3N_9RYycEk0cDjfhmmZr9b8kQ4ru47az2RYCfG2wz8WHXSOT69g93mlaWsxvQzsS7yjtaMonK_yvd55Mq_igUVvPDq2wT0P2z-Wy4yk9dHgTii12R5yqWcWI4zMt0DxhpJnuokcYoD5zDJL09mTQOYq99JMJpzpPM2YQYBITaTz-fo.U9aX92CtdEjDNf7BvB3xoGdVu3_gZWkgkNWM6mQ0gO8&dib_tag=se&keywords=cat+dry+food&qid=1766499480&s=pet-supplies&sr=1-9
"Primal Freeze Dried Raw Cat Food Nuggets Chicken & Salmon, Complete & Balanced Meal or Topper, Premium, Healthy, Grain Free, High Protein Raw Cat Food with Probiotics (14 oz)",Primal Freeze Dried Raw Cat Food Nuggets Chicken & Salmon,38.98,,Dry,,,https://m.media-amazon.com/images/I/81xCofAZUbL._AC_UL320_.jpg,https://www.amazon.com/Nuggets-Chicken-Complete-Balanced-Healthy/dp/B0087PHP26/ref=sr_1_10?dib=eyJ2IjoiMSJ9.orRiI2xchWWrTySK1QNLOGfTHjlCpKc7XUm_taXoympuXjgFDvFc9SRp9x4wENvswKR_Z0P_EhkCPmMFCx6uW6Yg9_H3sZLBW92VQ_kB8PNzs7SqK5U5xqB_xAjiR3N_9RYycEk0cDjfhmmZr9b8kQ4ru47az2RYCfG2wz8WHXSOT69g93mlaWsxvQzsS7yjtaMonK_yvd55Mq_igUVvPDq2wT0P2z-Wy4yk9dHgTii12R5yqWcWI4zMt0DxhpJnuokcYoD5zDJL09mTQOYq99JMJpzpPM2YQYBITaTz-fo.U9aX92CtdEjDNf7BvB3xoGdVu3_gZWkgkNWM6mQ0gO8&dib_tag=se&keywords=cat+dry+food&qid=1766499480&rdc=1&s=pet-supplies&sr=1-10
"Nutri Bites Freeze Dried Salmon Dog & Cat Treats | Healthy Pet Training Treats or Food Topper | All Natural, 1 Single Animal Protein, High Protein | Premium Bulk Value Pack, 14 oz",Nutri Bites Freeze Dried Salmon Dog & Cat Treats | Healthy Pet Training Treats or Food Topper | All Natural,24.99,,Dry,,,https://m.media-amazon.com/images/I/71JzfGLMrxL._AC_UL320_.jpg,https://www.amazon.com/Nutri-Bites-Healthy-Training-Natural/dp/B0BGXLMNZV/ref=sr_1_11?dib=eyJ2IjoiMSJ9.orRiI2xchWWrTySK1QNLOGfTHjlCpKc7XUm_taXoympuXjgFDvFc9SRp9x4wENvswKR_Z0P_EhkCPmMFCx6uW6Yg9_H3sZLBW92VQ_kB8PNzs7SqK5U5xqB_xAjiR3N_9RYycEk0cDjfhmmZr9b8kQ4ru47az2RYCfG2wz8WHXSOT69g93mlaWsxvQzsS7yjtaMonK_yvd55Mq_igUVvPDq2wT0P2z-Wy4yk9dHgTii12R5yqWcWI4zMt0DxhpJnuokcYoD5zDJL09mTQOYq99JMJpzpPM2YQYBITaTz-fo.U9aX92CtdEjDNf7BvB3xoGdVu3_gZWkgkNWM6mQ0gO8&dib_tag=se&keywords=cat+dry+food&qid=1766499480&s=pet-supplies&sr=1-11
Just Try 7.04 oz Freeze Dried Chicken Cat & Dog Treats Food Topper Raw Single Ingredient High Protein Grain Free Healthy Dog Training Treats,Unknown,16.99,,Dry,,,https://m.media-amazon.com/images/I/811jrOlaqyL._AC_UL320_.jpg,https://www.amazon.com/Just-Try-Chicken-Ingredient-Training/dp/B0F2FS45F4/ref=sr_1_12?dib=eyJ2IjoiMSJ9.orRiI2xchWWrTySK1QNLOGfTHjlCpKc7XUm_taXoympuXjgFDvFc9SRp9x4wENvswKR_Z0P_EhkCPmMFCx6uW6Yg9_H3sZLBW92VQ_kB8PNzs7SqK5U5xqB_xAjiR3N_9RYycEk0cDjfhmmZr9b8kQ4ru47az2RYCfG2wz8WHXSOT69g93mlaWsxvQzsS7yjtaMonK_yvd55Mq_igUVvPDq2wT0P2z-Wy4yk9dHgTii12R5yqWcWI4zMt0DxhpJnuokcYoD5zDJL09mTQOYq99JMJpzpPM2YQYBITaTz-fo.U9aX92CtdEjDNf7BvB3xoGdVu3_gZWkgkNWM6mQ0gO8&dib_tag=se&keywords=cat+dry+food&qid=1766499480&s=pet-supplies&sr=1-12
"TRMC Real Meat Air Dried Cat Food & Dog Food w/Real Beef - 14oz of USA-Crafted Grain-Free Dry Dog & Cat Food Sourced from Hormone-Free, Free-Range, Grass-Fed Beef - All Natural, High Protein Pet Food",TRMC Real Meat Air Dried Cat Food & Dog Food w/Real Beef - 14oz of USA-Crafted Grain-Free Dry Dog & Cat Food Sourced from Hormone-Free,17.99,,Dry,,,https://m.media-amazon.com/images/I/81quglsXVuL._AC_UL320_.jpg,https://www.amazon.com/Real-Meat-14oz-Beef-Food/dp/B096WFXZ9P/ref=sr_1_13?dib=eyJ2IjoiMSJ9.orRiI2xchWWrTySK1QNLOGfTHjlCpKc7XUm_taXoympuXjgFDvFc9SRp9x4wENvswKR_Z0P_EhkCPmMFCx6uW6Yg9_H3sZLBW92VQ_kB8PNzs7SqK5U5xqB_xAjiR3N_9RYycEk0cDjfhmmZr9b8kQ4ru47az2RYCfG2wz8WHXSOT69g93mlaWsxvQzsS7yjtaMonK_yvd55Mq_igUVvPDq2wT0P2z-Wy4yk9dHgTii12R5yqWcWI4zMt0DxhpJnuokcYoD5zDJL09mTQOYq99JMJpzpPM2YQYBITaTz-fo.U9aX92CtdEjDNf7BvB3xoGdVu3_gZWkgkNWM6mQ0gO8&dib_tag=se&keywords=cat+dry+food&qid=1766499480&s=pet-supplies&sr=1-13
Dr. Marty Nature's Feast Essential Wellness Poultry Dry Cat Food 12 oz,Unknown,39.95,,Dry,,,https://m.media-amazon.com/images/I/81u3JlC4jVL._AC_UL320_.jpg,https://www.amazon.com/Marty-Natures-Essential-Wellness-Poultry/dp/B0BNW5V1TV/ref=sr_1_14?dib=eyJ2IjoiMSJ9.orRiI2xchWWrTySK1QNLOGfTHjlCpKc7XUm_taXoympuXjgFDvFc9SRp9x4wENvswKR_Z0P_EhkCPmMFCx6uW6Yg9_H3sZLBW92VQ_kB8PNzs7SqK5U5xqB_xAjiR3N_9RYycEk0cDjfhmmZr9b8kQ4ru47az2RYCfG2wz8WHXSOT69g93mlaWsxvQzsS7yjtaMonK_yvd55Mq_igUVvPDq2wT0P2z-Wy4yk9dHgTii12R5yqWcWI4zMt0DxhpJnuokcYoD5zDJL09mTQOYq99JMJpzpPM2YQYBITaTz-fo.U9aX92CtdEjDNf7BvB3xoGdVu3_gZWkgkNWM6mQ0gO8&dib_tag=se&keywords=cat+dry+food&qid=1766499480&s=pet-supplies&sr=1-14
"BLACK FOX Freeze-Dried Antarctic Krill Dog Treats | Cat Treats | Cat Food Topper | Dog Food Topper | 1.5 oz Single Ingredient, Raw, Healthy, All Natural, Human Grade, Omega-3 Fish Oil",BLACK FOX Freeze-Dried Antarctic Krill Dog Treats | Cat Treats | Cat Food Topper | Dog Food Topper | 1.5 oz Single Ingredient,8.99,,Dry,,,https://m.media-amazon.com/images/I/71Pp-njyzXL._AC_UL320_.jpg,https://www.amazon.com/BLACK-FOX-Freeze-Dried-Ingredient-Recyclable/dp/B0D21V9MJB/ref=sr_1_15?dib=eyJ2IjoiMSJ9.orRiI2xchWWrTySK1QNLOGfTHjlCpKc7XUm_taXoympuXjgFDvFc9SRp9x4wENvswKR_Z0P_EhkCPmMFCx6uW6Yg9_H3sZLBW92VQ_kB8PNzs7SqK5U5xqB_xAjiR3N_9RYycEk0cDjfhmmZr9b8kQ4ru47az2RYCfG2wz8WHXSOT69g93mlaWsxvQzsS7yjtaMonK_yvd55Mq_igUVvPDq2wT0P2z-Wy4yk9dHgTii12R5yqWcWI4zMt0DxhpJnuokcYoD5zDJL09mTQOYq99JMJpzpPM2YQYBITaTz-fo.U9aX92CtdEjDNf7BvB3xoGdVu3_gZWkgkNWM6mQ0gO8&dib_tag=se&keywords=cat+dry+food&qid=1766499480&s=pet-supplies&sr=1-15
"The Honest Kitchen Human Grade Whole Food Clusters Grain Free Chicken Dry Cat Food, 10 lb Bag",The Honest Kitchen Human Grade Whole Food Clusters Grain Free Chicken Dry Cat Food,69.99,,Dry,,,https://m.media-amazon.com/images/I/81ms1v5xUYL._AC_UL320_.jpg,https://www.amazon.com/Honest-Kitchen-Whole-Clusters-Chicken/dp/B09BKBWNVG/ref=sr_1_16?dib=eyJ2IjoiMSJ9.orRiI2xchWWrTySK1QNLOGfTHjlCpKc7XUm_taXoympuXjgFDvFc9SRp9x4wENvswKR_Z0P_EhkCPmMFCx6uW6Yg9_H3sZLBW92VQ_kB8PNzs7SqK5U5xqB_xAjiR3N_9RYycEk0cDjfhmmZr9b8kQ4ru47az2RYCfG2wz8WHXSOT69g93mlaWsxvQzsS7yjtaMonK_yvd55Mq_igUVvPDq2wT0P2z-Wy4yk9dHgTii12R5yqWcWI4zMt0DxhpJnuokcYoD5zDJL09mTQOYq99JMJpzpPM2YQYBITaTz-fo.U9aX92CtdEjDNf7BvB3xoGdVu3_gZWkgkNWM6mQ0gO8&dib_tag=se&keywords=cat+dry+food&qid=1766499480&s=pet-supplies&sr=1-16
"Stella & Chewy's – Stella’s Solutions Digestive Boost – Cage-Free Chicken Dinner Mixer – Freeze-Dried Raw, Protein Rich, Grain Free Cat Food – 7.5 oz Bag",Stella & Chewy's – Stella’s Solutions Digestive Boost – Cage-Free Chicken Dinner Mixer – Freeze-Dried Raw,22.99,,Dry,,,https://m.media-amazon.com/images/I/81rybaBRU8L._AC_UL320_.jpg,https://www.amazon.com/Stella-Chewys-Solutions-Freeze-Dried-Digestive/dp/B083LDQZ1D/ref=sr_1_17?dib=eyJ2IjoiMSJ9.orRiI2xchWWrTySK1QNLOGfTHjlCpKc7XUm_taXoympuXjgFDvFc9SRp9x4wENvswKR_Z0P_EhkCPmMFCx6uW6Yg9_H3sZLBW92VQ_kB8PNzs7SqK5U5xqB_xAjiR3N_9RYycEk0cDjfhmmZr9b8kQ4ru47az2RYCfG2wz8WHXSOT69g93mlaWsxvQzsS7yjtaMonK_yvd55Mq_igUVvPDq2wT0P2z-Wy4yk9dHgTii12R5yqWcWI4zMt0DxhpJnuokcYoD5zDJL09mTQOYq99JMJpzpPM2YQYBITaTz-fo.U9aX92CtdEjDNf7BvB3xoGdVu3_gZWkgkNWM6mQ0gO8&dib_tag=se&keywords=cat+dry+food&qid=1766499480&rdc=1&s=pet-supplies&sr=1-17
"PAWUP Freeze-Dried Pumpkin Treats for Dogs & Cats – High Fiber, Single Ingredient Natural Snacks for Digestion & Gut Health, Healthy Food Toppers, 1.58 oz",PAWUP Freeze-Dried Pumpkin Treats for Dogs & Cats – High Fiber,16.19,,Dry,,,https://m.media-amazon.com/images/I/71pUcoaYc5L._AC_UL320_.jpg,https://www.amazon.com/PAWUP-Treats-Freeze-Dried-Pumpkin/dp/B0D7M7KXPJ/ref=sr_1_18?dib=eyJ2IjoiMSJ9.orRiI2xchWWrTySK1QNLOGfTHjlCpKc7XUm_taXoympuXjgFDvFc9SRp9x4wENvswKR_Z0P_EhkCPmMFCx6uW6Yg9_H3sZLBW92VQ_kB8PNzs7SqK5U5xqB_xAjiR3N_9RYycEk0cDjfhmmZr9b8kQ4ru47az2RYCfG2wz8WHXSOT69g93mlaWsxvQzsS7yjtaMonK_yvd55Mq_igUVvPDq2wT0P2z-Wy4yk9dHgTii12R5yqWcWI4zMt0DxhpJnuokcYoD5zDJL09mTQOYq99JMJpzpPM2YQYBITaTz-fo.U9aX92CtdEjDNf7BvB3xoGdVu3_gZWkgkNWM6mQ0gO8&dib_tag=se&keywords=cat+dry+food&qid=1766499480&s=pet-supplies&sr=1-18
"CARNA4 All Life Stages Fish Formula Dry Cat Food (4lbs, Fish)",CARNA4 All Life Stages Fish Formula Dry Cat Food (4lbs,48.99,,Dry,,,https://m.media-amazon.com/images/I/61Zp8HS7xIL._AC_UL320_.jpg,https://www.amazon.com/CARNA4-Life-Stages-Fish-Formula/dp/B0FC4SYY2F/ref=sr_1_19?dib=eyJ2IjoiMSJ9.orRiI2xchWWrTySK1QNLOGfTHjlCpKc7XUm_taXoympuXjgFDvFc9SRp9x4wENvswKR_Z0P_EhkCPmMFCx6uW6Yg9_H3sZLBW92VQ_kB8PNzs7SqK5U5xqB_xAjiR3N_9RYycEk0cDjfhmmZr9b8kQ4ru47az2RYCfG2wz8WHXSOT69g93mlaWsxvQzsS7yjtaMonK_yvd55Mq_igUVvPDq2wT0P2z-Wy4yk9dHgTii12R5yqWcWI4zMt0DxhpJnuokcYoD5zDJL09mTQOYq99JMJpzpPM2YQYBITaTz-fo.U9aX92CtdEjDNf7BvB3xoGdVu3_gZWkgkNWM6mQ0gO8&dib_tag=se&keywords=cat+dry+food&qid=1766499480&s=pet-supplies&sr=1-19
Grandma Mae's Country Naturals Grain Free Dry Cat & Kitten Food 4 LB Weight Control & Hairball Recipe,Unknown,34.99,Kitten,Dry,,,https://m.media-amazon.com/images/I/61LR93avVML._AC_UL320_.jpg,https://www.amazon.com/Grandma-Country-Nat-Country-Naturals-Control/dp/B07M5DWNHY/ref=sr_1_20?dib=eyJ2IjoiMSJ9.orRiI2xchWWrTySK1QNLOGfTHjlCpKc7XUm_taXoympuXjgFDvFc9SRp9x4wENvswKR_Z0P_EhkCPmMFCx6uW6Yg9_H3sZLBW92VQ_kB8PNzs7SqK5U5xqB_xAjiR3N_9RYycEk0cDjfhmmZr9b8kQ4ru47az2RYCfG2wz8WHXSOT69g93mlaWsxvQzsS7yjtaMonK_yvd55Mq_igUVvPDq2wT0P2z-Wy4yk9dHgTii12R5yqWcWI4zMt0DxhpJnuokcYoD5zDJL09mTQOYq99JMJpzpPM2YQYBITaTz-fo.U9aX92CtdEjDNf7BvB3xoGdVu3_gZWkgkNWM6mQ0gO8&dib_tag=se&keywords=cat+dry+food&qid=1766499480&s=pet-supplies&sr=1-20
"Freeze Dried Pumpkin and Chicken for Dogs and Cats, 100% Pumpkin and Chicken, Natural Treats for Digestion Health, Healthy Food Topper 3.5 oz",Freeze Dried Pumpkin and Chicken for Dogs and Cats,10.99,,Dry,,,https://m.media-amazon.com/images/I/715PIfKYOmL._AC_UL320_.jpg,https://www.amazon.com/Fuiknueh-Pumpkin-Chicken-Natural-Digestion/dp/B0FBWV52PL/ref=sr_1_21?dib=eyJ2IjoiMSJ9.orRiI2xchWWrTySK1QNLOGfTHjlCpKc7XUm_taXoympuXjgFDvFc9SRp9x4wENvswKR_Z0P_EhkCPmMFCx6uW6Yg9_H3sZLBW92VQ_kB8PNzs7SqK5U5xqB_xAjiR3N_9RYycEk0cDjfhmmZr9b8kQ4ru47az2RYCfG2wz8WHXSOT69g93mlaWsxvQzsS7yjtaMonK_yvd55Mq_igUVvPDq2wT0P2z-Wy4yk9dHgTii12R5yqWcWI4zMt0DxhpJnuokcYoD5zDJL09mTQOYq99JMJpzpPM2YQYBITaTz-fo.U9aX92CtdEjDNf7BvB3xoGdVu3_gZWkgkNWM6mQ0gO8&dib_tag=se&keywords=cat+dry+food&qid=1766499480&s=pet-supplies&sr=1-21
Wysong Epigen Canine/Feline Dry Diet - Dog/Cat Food- 5 Pound Bag (WDCFE5),Unknown,19.09,,Dry,,,https://m.media-amazon.com/images/I/91Ocq5x7EgL._AC_UL320_.jpg,https://www.amazon.com/Wysong-Epigen-Canine-Feline-Diet/dp/B00JCEA8OI/ref=sr_1_22?dib=eyJ2IjoiMSJ9.orRiI2xchWWrTySK1QNLOGfTHjlCpKc7XUm_taXoympuXjgFDvFc9SRp9x4wENvswKR_Z0P_EhkCPmMFCx6uW6Yg9_H3sZLBW92VQ_kB8PNzs7SqK5U5xqB_xAjiR3N_9RYycEk0cDjfhmmZr9b8kQ4ru47az2RYCfG2wz8WHXSOT69g93mlaWsxvQzsS7yjtaMonK_yvd55Mq_igUVvPDq2wT0P2z-Wy4yk9dHgTii12R5yqWcWI4zMt0DxhpJnuokcYoD5zDJL09mTQOYq99JMJpzpPM2YQYBITaTz-fo.U9aX92CtdEjDNf7BvB3xoGdVu3_gZWkgkNWM6mQ0gO8&dib_tag=se&keywords=cat+dry+food&qid=1766499480&s=pet-supplies&sr=1-22
Wellix Dog & Cat Food Topper - Antarctic Krill Treats Freeze Dried Egg Yolk&Chicken Flavor Low Calorie - Cognitive and Skin & Coat Support - Healthy Cat Treats for Indoor Cats,Unknown,19.99,,Dry,,,https://m.media-amazon.com/images/I/81i-VVQDSzL._AC_UL320_.jpg,https://www.amazon.com/Wellix-Dog-Cat-Food-Topper/dp/B0F2GCPH3P/ref=sr_1_23?dib=eyJ2IjoiMSJ9.orRiI2xchWWrTySK1QNLOGfTHjlCpKc7XUm_taXoympuXjgFDvFc9SRp9x4wENvswKR_Z0P_EhkCPmMFCx6uW6Yg9_H3sZLBW92VQ_kB8PNzs7SqK5U5xqB_xAjiR3N_9RYycEk0cDjfhmmZr9b8kQ4ru47az2RYCfG2wz8WHXSOT69g93mlaWsxvQzsS7yjtaMonK_yvd55Mq_igUVvPDq2wT0P2z-Wy4yk9dHgTii12R5yqWcWI4zMt0DxhpJnuokcYoD5zDJL09mTQOYq99JMJpzpPM2YQYBITaTz-fo.U9aX92CtdEjDNf7BvB3xoGdVu3_gZWkgkNWM6mQ0gO8&dib_tag=se&keywords=cat+dry+food&qid=1766499480&s=pet-supplies&sr=1-23
"Nutri Bites Freeze Dried Beef Liver Dog & Cat Treats | Healthy Pet Training Treats or Food Topper | All Natural, Single Ingredient, High Protein | Premium Bulk Large Size Pack (27 OZ)",Nutri Bites Freeze Dried Beef Liver Dog & Cat Treats | Healthy Pet Training Treats or Food Topper | All Natural,29.85,,Dry,,,https://m.media-amazon.com/images/I/41Z6KPf-6eL._AC_UL320_.jpg,https://www.amazon.com/Nutri-Bites-Healthy-Training-Ingredient/dp/B0DP1GR5QC/ref=sr_1_24?dib=eyJ2IjoiMSJ9.orRiI2xchWWrTySK1QNLOGfTHjlCpKc7XUm_taXoympuXjgFDvFc9SRp9x4wENvswKR_Z0P_EhkCPmMFCx6uW6Yg9_H3sZLBW92VQ_kB8PNzs7SqK5U5xqB_xAjiR3N_9RYycEk0cDjfhmmZr9b8kQ4ru47az2RYCfG2wz8WHXSOT69g93mlaWsxvQzsS7yjtaMonK_yvd55Mq_igUVvPDq2wT0P2z-Wy4yk9dHgTii12R5yqWcWI4zMt0DxhpJnuokcYoD5zDJL09mTQOYq99JMJpzpPM2YQYBITaTz-fo.U9aX92CtdEjDNf7BvB3xoGdVu3_gZWkgkNWM6mQ0gO8&dib_tag=se&keywords=cat+dry+food&qid=1766499480&s=pet-supplies&sr=1-24
"Wellness Appetizing Entrées Shredded Adult Wet Cat Food, Natural, Protein-Rich, Grain Free, 2.8 Ounce Pouch, 8 Pack (Chicken Recipe)",Wellness Appetizing Entrées Shredded Adult Wet Cat Food,15.92,Adult,Wet,,,https://m.media-amazon.com/images/I/71R0zVMP3dL._AC_UL320_.jpg,https://www.amazon.com/Wellness-Appetizing-Entr%C3%A9es-Shredded-Protein-Rich/dp/B0DNTPXMC1/ref=sr_1_4?dib=eyJ2IjoiMSJ9.sEguSLVikkcb133okI0R6iNjC4i2w1Xx3zSBj-kINh5cqqZ5oI-CGezTjZVBxSp3nAaWqkSjUVrws_DuOGY6ZyVNa2Jp0QtP-d5-1KQ5XR53GPwlB_mo9XBADw55kOu80-Fn9xaDjo-GMyGwKZBSl48faglZ4O0ATa5T_IwcUFsGKpvaHZk69jX5irRMcKytiiGLlOC-hHsviXn1peiWoJzuc-vycT-RBui5O-ceykBeNfAvFF0Fa3lrYH7AK8wxnaDXVnRWsKnv821sUmtZ2Wc-OJGJxY0RtCKrzrJkmS8.0n0qE6C_APvyU1TTACYP8mnYF7WKGmBegXgCma7lT_4&dib_tag=se&keywords=cat+wet+food&qid=1766499486&s=pet-supplies&sr=1-4
"Applaws Natural Wet Cat Food, 24 Count, Limited Ingredient Canned Wet Cat Food, Chicken Breast in Broth, 2.47oz Cans",Applaws Natural Wet Cat Food,34.99,,Wet,,,https://m.media-amazon.com/images/I/71wePNSyK8L._AC_UL320_.jpg,https://www.amazon.com/Applaws-Natural-Limited-Ingredient-Selection/dp/B008JBYV1G/ref=sr_1_5?dib=eyJ2IjoiMSJ9.sEguSLVikkcb133okI0R6iNjC4i2w1Xx3zSBj-kINh5cqqZ5oI-CGezTjZVBxSp3nAaWqkSjUVrws_DuOGY6ZyVNa2Jp0QtP-d5-1KQ5XR53GPwlB_mo9XBADw55kOu80-Fn9xaDjo-GMyGwKZBSl48faglZ4O0ATa5T_IwcUFsGKpvaHZk69jX5irRMcKytiiGLlOC-hHsviXn1peiWoJzuc-vycT-RBui5O-ceykBeNfAvFF0Fa3lrYH7AK8wxnaDXVnRWsKnv821sUmtZ2Wc-OJGJxY0RtCKrzrJkmS8.0n0qE6C_APvyU1TTACYP8mnYF7WKGmBegXgCma7lT_4&dib_tag=se&keywords=cat+wet+food&qid=1766499486&s=pet-supplies&sr=1-5
"Canidae Balanced Bowl Wet Cat Food, Salmon & Sweet Potato, Recipe, 3 oz. (Case of 24)",Canidae Balanced Bowl Wet Cat Food,33.36,,Wet,,,https://m.media-amazon.com/images/I/61E1EIXaS3L._AC_UL320_.jpg,https://www.amazon.com/Canidae-Balanced-Salmon-Potato-Recipe/dp/B0BXP937PQ/ref=sr_1_6?dib=eyJ2IjoiMSJ9.sEguSLVikkcb133okI0R6iNjC4i2w1Xx3zSBj-kINh5cqqZ5oI-CGezTjZVBxSp3nAaWqkSjUVrws_DuOGY6ZyVNa2Jp0QtP-d5-1KQ5XR53GPwlB_mo9XBADw55kOu80-Fn9xaDjo-GMyGwKZBSl48faglZ4O0ATa5T_IwcUFsGKpvaHZk69jX5irRMcKytiiGLlOC-hHsviXn1peiWoJzuc-vycT-RBui5O-ceykBeNfAvFF0Fa3lrYH7AK8wxnaDXVnRWsKnv821sUmtZ2Wc-OJGJxY0RtCKrzrJkmS8.0n0qE6C_APvyU1TTACYP8mnYF7WKGmBegXgCma7lT_4&dib_tag=se&keywords=cat+wet+food&qid=1766499486&s=pet-supplies&sr=1-6
Purrly Cat Treat Topper Lickable Wet Squeezable Healthy Human-Grade Tuna & Chicken Breast with Prebiotic and Dietary Fiber for Indoor Cats (30 Count) Grain-Free Non-GMO No-Preservatives,Unknown,16.97,,Wet,,,https://m.media-amazon.com/images/I/71wPqNC58fL._AC_UL320_.jpg,https://www.amazon.com/Purrly-Squeezable-Human-Grade-Grain-Free-No-Preservatives/dp/B0DLDM6262/ref=sr_1_8?dib=eyJ2IjoiMSJ9.sEguSLVikkcb133okI0R6iNjC4i2w1Xx3zSBj-kINh5cqqZ5oI-CGezTjZVBxSp3nAaWqkSjUVrws_DuOGY6ZyVNa2Jp0QtP-d5-1KQ5XR53GPwlB_mo9XBADw55kOu80-Fn9xaDjo-GMyGwKZBSl48faglZ4O0ATa5T_IwcUFsGKpvaHZk69jX5irRMcKytiiGLlOC-hHsviXn1peiWoJzuc-vycT-RBui5O-ceykBeNfAvFF0Fa3lrYH7AK8wxnaDXVnRWsKnv821sUmtZ2Wc-OJGJxY0RtCKrzrJkmS8.0n0qE6C_APvyU1TTACYP8mnYF7WKGmBegXgCma7lT_4&dib_tag=se&keywords=cat+wet+food&qid=1766499486&s=pet-supplies&sr=1-8
CARU Daily Dish Chicken Broth Meal Topper for Dogs and Cats - 1.1 lbs,Unknown,4.99,,Wet,,,https://m.media-amazon.com/images/I/71jn9oV4W6L._AC_UL320_.jpg,https://www.amazon.com/CARU-Daily-Chicken-Broth-Topper/dp/B086STNMD3/ref=sr_1_9?dib=eyJ2IjoiMSJ9.sEguSLVikkcb133okI0R6iNjC4i2w1Xx3zSBj-kINh5cqqZ5oI-CGezTjZVBxSp3nAaWqkSjUVrws_DuOGY6ZyVNa2Jp0QtP-d5-1KQ5XR53GPwlB_mo9XBADw55kOu80-Fn9xaDjo-GMyGwKZBSl48faglZ4O0ATa5T_IwcUFsGKpvaHZk69jX5irRMcKytiiGLlOC-hHsviXn1peiWoJzuc-vycT-RBui5O-ceykBeNfAvFF0Fa3lrYH7AK8wxnaDXVnRWsKnv821sUmtZ2Wc-OJGJxY0RtCKrzrJkmS8.0n0qE6C_APvyU1TTACYP8mnYF7WKGmBegXgCma7lT_4&dib_tag=se&keywords=cat+wet+food&qid=1766499486&s=pet-supplies&sr=1-9
"8 PACK Can Lids, Pet Food Can Cover and Food Mixing Spoons Food Canned Scoop, Fits Most Standard Size Dog and Cat Can Tops for Pet Cat Dog Feeding Can and Wet Food Storage",8 PACK Can Lids,7.99,,Wet,,,https://m.media-amazon.com/images/I/61U-pxI5BWL._AC_UL320_.jpg,https://www.amazon.com/Ainvhh-Mixing-Standard-Feeding-Storage/dp/B0C7Z12327/ref=sr_1_10?dib=eyJ2IjoiMSJ9.sEguSLVikkcb133okI0R6iNjC4i2w1Xx3zSBj-kINh5cqqZ5oI-CGezTjZVBxSp3nAaWqkSjUVrws_DuOGY6ZyVNa2Jp0QtP-d5-1KQ5XR53GPwlB_mo9XBADw55kOu80-Fn9xaDjo-GMyGwKZBSl48faglZ4O0ATa5T_IwcUFsGKpvaHZk69jX5irRMcKytiiGLlOC-hHsviXn1peiWoJzuc-vycT-RBui5O-ceykBeNfAvFF0Fa3lrYH7AK8wxnaDXVnRWsKnv821sUmtZ2Wc-OJGJxY0RtCKrzrJkmS8.0n0qE6C_APvyU1TTACYP8mnYF7WKGmBegXgCma7lT_4&dib_tag=se&keywords=cat+wet+food&qid=1766499486&s=pet-supplies&sr=1-10
"Temptations Creamy Puree Squeezable Lickable Wet Cat Treat with Chicken, Salmon, and Tuna Variety Pack, 0.42 oz. Tubes, 24 Count, Pack of 3 (72 Total)",Temptations Creamy Puree Squeezable Lickable Wet Cat Treat with Chicken,34.98,,Wet,,,https://m.media-amazon.com/images/I/71fWKVGCFvL._AC_UL320_.jpg,https://www.amazon.com/Temptations-Chicken-Squeezable-Lickable-Variety/dp/B0DG9XB57S/ref=sr_1_11?dib=eyJ2IjoiMSJ9.sEguSLVikkcb133okI0R6iNjC4i2w1Xx3zSBj-kINh5cqqZ5oI-CGezTjZVBxSp3nAaWqkSjUVrws_DuOGY6ZyVNa2Jp0QtP-d5-1KQ5XR53GPwlB_mo9XBADw55kOu80-Fn9xaDjo-GMyGwKZBSl48faglZ4O0ATa5T_IwcUFsGKpvaHZk69jX5irRMcKytiiGLlOC-hHsviXn1peiWoJzuc-vycT-RBui5O-ceykBeNfAvFF0Fa3lrYH7AK8wxnaDXVnRWsKnv821sUmtZ2Wc-OJGJxY0RtCKrzrJkmS8.0n0qE6C_APvyU1TTACYP8mnYF7WKGmBegXgCma7lT_4&dib_tag=se&keywords=cat+wet+food&qid=1766499486&s=pet-supplies&sr=1-11
"Purina One Tender Cuts Chicken And Rice Food, 1 By 13 Oz",Purina One Tender Cuts Chicken And Rice Food,2.29,,Wet,,,https://m.media-amazon.com/images/I/81bKj7CJjRL._AC_UL320_.jpg,https://www.amazon.com/Purina-Tender-Cuts-Chicken-Rice/dp/B008VSXSHK/ref=sr_1_17?dib=eyJ2IjoiMSJ9.sEguSLVikkcb133okI0R6iNjC4i2w1Xx3zSBj-kINh5cqqZ5oI-CGezTjZVBxSp3nAaWqkSjUVrws_DuOGY6ZyVNa2Jp0QtP-d5-1KQ5XR53GPwlB_mo9XBADw55kOu80-Fn9xaDjo-GMyGwKZBSl48faglZ4O0ATa5T_IwcUFsGKpvaHZk69jX5irRMcKytiiGLlOC-hHsviXn1peiWoJzuc-vycT-RBui5O-ceykBeNfAvFF0Fa3lrYH7AK8wxnaDXVnRWsKnv821sUmtZ2Wc-OJGJxY0RtCKrzrJkmS8.0n0qE6C_APvyU1TTACYP8mnYF7WKGmBegXgCma7lT_4&dib_tag=se&keywords=cat+wet+food&qid=1766499486&rdc=1&s=pet-supplies&sr=1-17
Purrly Squeezable Cat Treats Wet Healthy Interactive Hydrating Human-Grade Tuna & Salmon with Omega-3 & 6 for Skin & Coat (30 Count) Lickable Healthy Creamy Puree,Unknown,16.99,,Wet,,,https://m.media-amazon.com/images/I/71rJbfdF+BL._AC_UL320_.jpg,https://www.amazon.com/Purrly-Squeezable-Interactive-Hydrating-Human-Grade/dp/B0DLHJ8TN1/ref=sr_1_21?dib=eyJ2IjoiMSJ9.sEguSLVikkcb133okI0R6iNjC4i2w1Xx3zSBj-kINh5cqqZ5oI-CGezTjZVBxSp3nAaWqkSjUVrws_DuOGY6ZyVNa2Jp0QtP-d5-1KQ5XR53GPwlB_mo9XBADw55kOu80-Fn9xaDjo-GMyGwKZBSl48faglZ4O0ATa5T_IwcUFsGKpvaHZk69jX5irRMcKytiiGLlOC-hHsviXn1peiWoJzuc-vycT-RBui5O-ceykBeNfAvFF0Fa3lrYH7AK8wxnaDXVnRWsKnv821sUmtZ2Wc-OJGJxY0RtCKrzrJkmS8.0n0qE6C_APvyU1TTACYP8mnYF7WKGmBegXgCma7lT_4&dib_tag=se&keywords=cat+wet+food&qid=1766499486&s=pet-supplies&sr=1-21
"Wysong Epigen Beef Canine/Feline Canned Formula Dog/Cat/Ferret Food, 12.5 Ounce Can",Wysong Epigen Beef Canine/Feline Canned Formula Dog/Cat/Ferret Food,5.06,,Wet,,,https://m.media-amazon.com/images/I/81dcVENDagL._AC_UL320_.jpg,https://www.amazon.com/Wysong-Epigen-Canine-Feline-Formula/dp/B00OCNSHJM/ref=sr_1_23?dib=eyJ2IjoiMSJ9.sEguSLVikkcb133okI0R6iNjC4i2w1Xx3zSBj-kINh5cqqZ5oI-CGezTjZVBxSp3nAaWqkSjUVrws_DuOGY6ZyVNa2Jp0QtP-d5-1KQ5XR53GPwlB_mo9XBADw55kOu80-Fn9xaDjo-GMyGwKZBSl48faglZ4O0ATa5T_IwcUFsGKpvaHZk69jX5irRMcKytiiGLlOC-hHsviXn1peiWoJzuc-vycT-RBui5O-ceykBeNfAvFF0Fa3lrYH7AK8wxnaDXVnRWsKnv821sUmtZ2Wc-OJGJxY0RtCKrzrJkmS8.0n0qE6C_APvyU1TTACYP8mnYF7WKGmBegXgCma7lT_4&dib_tag=se&keywords=cat+wet+food&qid=1766499486&s=pet-supplies&sr=1-23
"The New Zealand Natural Pet Food Co Meow Freeze Dried Cat Food - Lamb & Hoki Recipe, High Protein Treats, Meals & Toppers, Dry Cat Food,1.76 oz",The New Zealand Natural Pet Food Co Meow Freeze Dried Cat Food - Lamb & Hoki Recipe,7.69,,Wet,,,https://m.media-amazon.com/images/I/71olcO6U9hL._AC_UL320_.jpg,https://www.amazon.com/New-Zealand-Natural-Pet-Food/dp/B08DHTZQCR/ref=sr_1_25?dib=eyJ2IjoiMSJ9.sEguSLVikkcb133okI0R6iNjC4i2w1Xx3zSBj-kINh5cqqZ5oI-CGezTjZVBxSp3nAaWqkSjUVrws_DuOGY6ZyVNa2Jp0QtP-d5-1KQ5XR53GPwlB_mo9XBADw55kOu80-Fn9xaDjo-GMyGwKZBSl48faglZ4O0ATa5T_IwcUFsGKpvaHZk69jX5irRMcKytiiGLlOC-hHsviXn1peiWoJzuc-vycT-RBui5O-ceykBeNfAvFF0Fa3lrYH7AK8wxnaDXVnRWsKnv821sUmtZ2Wc-OJGJxY0RtCKrzrJkmS8.0n0qE6C_APvyU1TTACYP8mnYF7WKGmBegXgCma7lT_4&dib_tag=se&keywords=cat+wet+food&qid=1766499486&s=pet-supplies&sr=1-25
"Purina Pro Plan Canned Adult Seafood Stew, 3 Oz.",Purina Pro Plan Canned Adult Seafood Stew,6.53,Adult,Wet,,,https://m.media-amazon.com/images/I/61klTMCl8lL._AC_UL320_.jpg,https://www.amazon.com/Purina-Pro-Plan-Canned-Seafood/dp/B005KIMIPC/ref=sr_1_26?dib=eyJ2IjoiMSJ9.sEguSLVikkcb133okI0R6iNjC4i2w1Xx3zSBj-kINh5cqqZ5oI-CGezTjZVBxSp3nAaWqkSjUVrws_DuOGY6ZyVNa2Jp0QtP-d5-1KQ5XR53GPwlB_mo9XBADw55kOu80-Fn9xaDjo-GMyGwKZBSl48faglZ4O0ATa5T_IwcUFsGKpvaHZk69jX5irRMcKytiiGLlOC-hHsviXn1peiWoJzuc-vycT-RBui5O-ceykBeNfAvFF0Fa3lrYH7AK8wxnaDXVnRWsKnv821sUmtZ2Wc-OJGJxY0RtCKrzrJkmS8.0n0qE6C_APvyU1TTACYP8mnYF7WKGmBegXgCma7lT_4&dib_tag=se&keywords=cat+wet+food&qid=1766499486&rdc=1&s=pet-supplies&sr=1-26
"Delmonte 9 Lives Hearty Chicken/Fish, 1 Count, One Size",Delmonte 9 Lives Hearty Chicken/Fish,4.42,,Wet,,,https://m.media-amazon.com/images/I/71FUT36jiwL._AC_UL320_.jpg,https://www.amazon.com/J-M-Smucker-Company-Big-Heart-Delmonte/dp/B00HWZO2QO/ref=sr_1_27?dib=eyJ2IjoiMSJ9.sEguSLVikkcb133okI0R6iNjC4i2w1Xx3zSBj-kINh5cqqZ5oI-CGezTjZVBxSp3nAaWqkSjUVrws_DuOGY6ZyVNa2Jp0QtP-d5-1KQ5XR53GPwlB_mo9XBADw55kOu80-Fn9xaDjo-GMyGwKZBSl48faglZ4O0ATa5T_IwcUFsGKpvaHZk69jX5irRMcKytiiGLlOC-hHsviXn1peiWoJzuc-vycT-RBui5O-ceykBeNfAvFF0Fa3lrYH7AK8wxnaDXVnRWsKnv821sUmtZ2Wc-OJGJxY0RtCKrzrJkmS8.0n0qE6C_APvyU1TTACYP8mnYF7WKGmBegXgCma7lT_4&dib_tag=se&keywords=cat+wet+food&qid=1766499486&s=pet-supplies&sr=1-27
Earthborn Holistic Chicken Jumble With Liver Grain-Free Moist Cat Food 5.5 oz Can,Unknown,55.69,,Wet,,,https://m.media-amazon.com/images/I/616p+BEN9ZL._AC_UL320_.jpg,https://www.amazon.com/Earthborn-Holistic-Chicken-Jumble-Canned/dp/B01M26TBL1/ref=sr_1_28?dib=eyJ2IjoiMSJ9.sEguSLVikkcb133okI0R6iNjC4i2w1Xx3zSBj-kINh5cqqZ5oI-CGezTjZVBxSp3nAaWqkSjUVrws_DuOGY6ZyVNa2Jp0QtP-d5-1KQ5XR53GPwlB_mo9XBADw55kOu80-Fn9xaDjo-GMyGwKZBSl48faglZ4O0ATa5T_IwcUFsGKpvaHZk69jX5irRMcKytiiGLlOC-hHsviXn1peiWoJzuc-vycT-RBui5O-ceykBeNfAvFF0Fa3lrYH7AK8wxnaDXVnRWsKnv821sUmtZ2Wc-OJGJxY0RtCKrzrJkmS8.0n0qE6C_APvyU1TTACYP8mnYF7WKGmBegXgCma7lT_4&dib_tag=se&keywords=cat+wet+food&qid=1766499486&s=pet-supplies&sr=1-28
3 Pcs Pet Food Can Lids & One Can Spoon | Cute Paw Shape Opener Spatula Cat Wet Food Spoon | Universal BPA Free Silicone Covers for Dog Cat Cans(Pink),Unknown,8.98,,Wet,,,https://m.media-amazon.com/images/I/61hxz1TrX2L._AC_UL320_.jpg,https://www.amazon.com/DORUI-Opener-Spatula-Universal-Silicone/dp/B0C3TQWCMS/ref=sr_1_29?dib=eyJ2IjoiMSJ9.sEguSLVikkcb133okI0R6iNjC4i2w1Xx3zSBj-kINh5cqqZ5oI-CGezTjZVBxSp3nAaWqkSjUVrws_DuOGY6ZyVNa2Jp0QtP-d5-1KQ5XR53GPwlB_mo9XBADw55kOu80-Fn9xaDjo-GMyGwKZBSl48faglZ4O0ATa5T_IwcUFsGKpvaHZk69jX5irRMcKytiiGLlOC-hHsviXn1peiWoJzuc-vycT-RBui5O-ceykBeNfAvFF0Fa3lrYH7AK8wxnaDXVnRWsKnv821sUmtZ2Wc-OJGJxY0RtCKrzrJkmS8.0n0qE6C_APvyU1TTACYP8mnYF7WKGmBegXgCma7lT_4&dib_tag=se&keywords=cat+wet+food&qid=1766499486&s=pet-supplies&sr=1-29
